{"cameraMode":{"drawMode":0,"name":"Shaded","section":"Shading Mode"},"sceneLighting":true,"audioPlay":false,"sceneViewState":{"m_AlwaysRefresh":false,"showFog":true,"showSkybox":true,"showFlares":true,"showImageEffects":true,"showParticleSystems":true,"showVisualEffectGraphs":true,"m_FxEnabled":true},"in2DMode":false,"pivot":{"x":26.645221710205079,"y":-3.121983528137207,"z":6.5715484619140629},"rotation":{"x":0.03945495933294296,"y":-0.9385970234870911,"z":0.32306501269340517,"w":0.11461138725280762},"size":21.49746322631836,"orthographic":false}