{"cameraMode":{"drawMode":0,"name":"Shaded","section":"Shading Mode"},"sceneLighting":false,"audioPlay":false,"sceneViewState":{"m_AlwaysRefresh":false,"showFog":true,"showSkybox":false,"showFlares":true,"showImageEffects":true,"showParticleSystems":true,"showVisualEffectGraphs":true,"m_FxEnabled":true},"in2DMode":false,"pivot":{"x":-0.002434849739074707,"y":0.9138096570968628,"z":-0.0005630254745483398},"rotation":{"x":-0.26182663440704348,"y":0.36096081137657168,"z":-0.10634175688028336,"w":-0.8887398838996887},"size":4.034552097320557,"orthographic":false}